id,imageName,imageData,createdAt,updatedAt
1,multer-image-1563573944897,uploads\1563573945021mike.jpg,2019-07-19 22:05:45.034 +00:00,2019-07-19 22:05:45.034 +00:00
2,multer-image-1563576870022,uploads\1563576870138judy.jpg,2019-07-19 22:54:30.151 +00:00,2019-07-19 22:54:30.151 +00:00
3,multer-image-1563578341216,uploads\1563578341358cindy.jpg,2019-07-19 23:19:01.379 +00:00,2019-07-19 23:19:01.379 +00:00
4,multer-image-1563578429500,uploads\1563578429616jared.jpg,2019-07-19 23:20:29.621 +00:00,2019-07-19 23:20:29.621 +00:00
5,multer-image-1563578515018,uploads\1563578515128mark.jpg,2019-07-19 23:21:55.133 +00:00,2019-07-19 23:21:55.133 +00:00
6,multer-image-1563578684408,uploads\1563578684525elizabeth-berkley_sc_768x1024.png,2019-07-19 23:24:44.538 +00:00,2019-07-19 23:24:44.538 +00:00
7,multer-image-1563579082311,uploads\1563579082426pexels-photo-415829.jpeg,2019-07-19 23:31:22.436 +00:00,2019-07-19 23:31:22.436 +00:00
8,multer-image-1563579173878,uploads\1563579173997pexels-photo-761977.jpeg,2019-07-19 23:32:54.002 +00:00,2019-07-19 23:32:54.002 +00:00
9,multer-image-1563579796327,uploads\1563579796440pexels-photo-712521.jpeg,2019-07-19 23:43:16.446 +00:00,2019-07-19 23:43:16.446 +00:00
10,multer-image-1563579915235,uploads\1563579915371pexels-photo-1082962.jpeg,2019-07-19 23:45:15.376 +00:00,2019-07-19 23:45:15.376 +00:00
11,multer-image-1563584984805,uploads\1563584984932pexels-photo-1181519.jpeg,2019-07-19 23:46:44.028 +00:00,2019-07-20 01:09:44.957 +00:00
12,multer-image-1563580106884,uploads\1563580107004pexels-photo-1239291.jpeg,2019-07-19 23:48:27.009 +00:00,2019-07-19 23:48:27.009 +00:00
13,multer-image-1563582007934,uploads\1563582008070pexels-photo-936229.jpeg,2019-07-20 00:20:08.082 +00:00,2019-07-20 00:20:08.082 +00:00
14,multer-image-1563582075349,uploads\1563582075463pexels-photo-834863.jpeg,2019-07-20 00:21:15.469 +00:00,2019-07-20 00:21:15.469 +00:00
15,multer-image-1563582257359,uploads\1563582257489pexels-photo-839586.jpeg,2019-07-20 00:24:17.512 +00:00,2019-07-20 00:24:17.512 +00:00
16,multer-image-1563582291700,uploads\1563582291807pexels-photo-842567.jpeg,2019-07-20 00:24:51.816 +00:00,2019-07-20 00:24:51.816 +00:00
17,multer-image-1563648842201,uploads\1563648842311pexels-photo-846741.jpeg,2019-07-20 00:25:59.549 +00:00,2019-07-20 18:54:02.340 +00:00
